{
  "9836134e-b892-4283-b6b2-78b5acf3ed45": {
    "asset": 1586331866997,
    "meta": 1586331866994,
    "relativePath": "effects"
  },
  "f8e6b000-5643-4b86-9080-aa680ce1f599": {
    "asset": 1586331867025,
    "meta": 1586331867011,
    "relativePath": "image"
  },
  "5c3eedba-6c41-4c0c-9ba7-d91f813cbd1c": {
    "asset": 1586331867026,
    "meta": 1586331867026,
    "relativePath": "materials"
  },
  "fc09f9bd-2cce-4605-b630-8145ef809ed6": {
    "asset": 1586331867028,
    "meta": 1586331867027,
    "relativePath": "misc"
  },
  "db019bf7-f71c-4111-98cf-918ea180cb48": {
    "asset": 1586331867046,
    "meta": 1586331867035,
    "relativePath": "model"
  },
  "e39e96e6-6f6e-413f-bcf1-ac7679bb648a": {
    "asset": 1586331867045,
    "meta": 1586331867040,
    "relativePath": "model\\prefab"
  },
  "f6e6dd15-71d1-4ffe-ace7-24fd39942c05": {
    "asset": 1586331867049,
    "meta": 1586331867048,
    "relativePath": "obsolete"
  },
  "f743d2b6-b7ea-4c14-a55b-547ed4d0a045": {
    "asset": 1586331867053,
    "meta": 1586331867051,
    "relativePath": "particle"
  },
  "ae6c6c98-11e4-452f-8758-75f5c6a56e83": {
    "asset": 1586331867091,
    "meta": 1586331867071,
    "relativePath": "prefab"
  },
  "a3ee0214-b432-4865-9666-4a3211814282": {
    "asset": 1586331867081,
    "meta": 1586331867079,
    "relativePath": "prefab\\light"
  },
  "d8afc78c-4eac-4a9f-83dd-67bc70344d33": {
    "asset": 1586331867118,
    "meta": 1586331867103,
    "relativePath": "resources"
  },
  "294c1663-4adf-4a1e-a795-53808011a38a": {
    "asset": 1586331867113,
    "meta": 1586331867108,
    "relativePath": "resources\\effects"
  },
  "bbee2217-c261-49bd-a8ce-708d6bcc3500": {
    "asset": 1586331867123,
    "meta": 1586331867118,
    "relativePath": "resources\\materials"
  },
  "9537f37e-1a1a-451a-b8e6-5875620dc468": {
    "asset": 1597497275526,
    "meta": 1597387661016,
    "relativePath": "picture_resource"
  },
  "7211d31f-6b2d-48b9-965b-6574234666cf": {
    "asset": 1597497513776,
    "meta": 1597497513823,
    "relativePath": "game.fire"
  },
  "fbcd9516-58c8-4978-9f90-e9bb6d691f4d": {
    "asset": 1597387661017,
    "meta": 1597391391285,
    "relativePath": "picture_resource\\blank.jpg"
  },
  "7fea6ff9-1496-492a-9546-ad312b0f6414": {
    "asset": 1597387661022,
    "meta": 1597391391299,
    "relativePath": "picture_resource\\摇杆bg.png"
  },
  "035b2099-df64-4030-b081-177da3407630": {
    "asset": 1597387661019,
    "meta": 1597391391327,
    "relativePath": "picture_resource\\player.png"
  },
  "b92e465b-e381-4c22-82b4-8e5be6eb8ca6": {
    "asset": 1597387661018,
    "meta": 1597391391342,
    "relativePath": "picture_resource\\occupy.png"
  },
  "c280d36b-6581-42c3-b14e-7afdb2176663": {
    "asset": 1597387661021,
    "meta": 1597391391711,
    "relativePath": "picture_resource\\test_map.tmx"
  },
  "6712a232-83bd-4662-8b9c-9618cf7936d9": {
    "asset": 1597456404381,
    "meta": 1597387661023,
    "relativePath": "scipts"
  },
  "b27d5054-7c79-4e55-aa10-5f2041c8fa47": {
    "asset": 1597387661020,
    "meta": 1597391391693,
    "relativePath": "picture_resource\\stick.png"
  },
  "b180c341-782d-4346-8d7e-124ac5c7c23e": {
    "asset": 1597458231313,
    "meta": 1597458231357,
    "relativePath": "登录界面.fire"
  },
  "9d67f376-b38b-4073-9ec1-305abb4e7031": {
    "asset": 1597418836885,
    "meta": 1597418004544,
    "relativePath": "scipts\\game"
  },
  "04965142-e157-4e34-96c1-810519cec985": {
    "asset": 1597450593077,
    "meta": 1597418028970,
    "relativePath": "scipts\\登录界面"
  },
  "28d7e7f9-45f1-42ee-9bc6-89a043d0a246": {
    "asset": 1597418817838,
    "meta": 1597418826780,
    "relativePath": "scipts\\game\\Rocker.js"
  },
  "b8223619-7e38-47c4-841f-9160c232495a": {
    "asset": 1586331867048,
    "meta": 1597498813194,
    "relativePath": "obsolete\\atom.plist"
  },
  "b2687ac4-099e-403c-a192-ff477686f4f5": {
    "asset": 1586331867052,
    "meta": 1597498813179,
    "relativePath": "particle\\atom.plist"
  },
  "2c937608-2562-40ea-b264-7395df6f0cea": {
    "asset": 1588594442668,
    "meta": 1597498810409,
    "relativePath": "prefab\\canvas.prefab"
  },
  "61aeb05b-3b32-452b-8eed-2b76deeed554": {
    "asset": 1588594442715,
    "meta": 1597498810444,
    "relativePath": "prefab\\editbox.prefab"
  },
  "27756ebb-3d33-44b0-9b96-e858fadd4dd4": {
    "asset": 1588594442762,
    "meta": 1597498810481,
    "relativePath": "prefab\\label.prefab"
  },
  "785a442c-3ceb-45be-a46e-7317f625f3b9": {
    "asset": 1588594442840,
    "meta": 1597498810552,
    "relativePath": "prefab\\layout.prefab"
  },
  "61906da3-7003-4bda-9abc-5769c76faee4": {
    "asset": 1588594442887,
    "meta": 1597498810590,
    "relativePath": "prefab\\light\\ambient.prefab"
  },
  "ddb99b39-7004-47cd-9705-751905c43c46": {
    "asset": 1588594442918,
    "meta": 1597498810637,
    "relativePath": "prefab\\light\\directional.prefab"
  },
  "0cf30284-9073-46bc-9eba-e62b69dbbff3": {
    "asset": 1588594442965,
    "meta": 1597498810666,
    "relativePath": "prefab\\light\\point.prefab"
  },
  "f5331fd2-bf42-4ee3-a3fd-3e1657600eff": {
    "asset": 1588594443012,
    "meta": 1597498810710,
    "relativePath": "prefab\\light\\spot.prefab"
  },
  "ca8401fe-ad6e-41a8-bd46-8e3e4e9945be": {
    "asset": 1588594443043,
    "meta": 1597498810788,
    "relativePath": "prefab\\pageview.prefab"
  },
  "cd33edea-55f5-46c2-958d-357a01384a36": {
    "asset": 1588594443059,
    "meta": 1597498810862,
    "relativePath": "prefab\\particlesystem.prefab"
  },
  "5965ffac-69da-4b55-bcde-9225d0613c28": {
    "asset": 1588594443090,
    "meta": 1597498810959,
    "relativePath": "prefab\\progressBar.prefab"
  },
  "4a37dd57-78cd-4cec-aad4-f11a73d12b63": {
    "asset": 1588594443121,
    "meta": 1597498811052,
    "relativePath": "prefab\\richtext.prefab"
  },
  "32044bd2-481f-4cf1-a656-e2b2fb1594eb": {
    "asset": 1588594443137,
    "meta": 1597498811202,
    "relativePath": "prefab\\scrollview.prefab"
  },
  "0004d1cf-a0ad-47d8-ab17-34d3db9d35a3": {
    "asset": 1588594443168,
    "meta": 1597498811236,
    "relativePath": "prefab\\slider.prefab"
  },
  "1f55e3be-b89b-4b79-88de-47fd31018044": {
    "asset": 1588594443199,
    "meta": 1597498811287,
    "relativePath": "prefab\\sprite_splash.prefab"
  },
  "96083d03-c332-4a3f-9386-d03e2d19e8ee": {
    "asset": 1588594443215,
    "meta": 1597498811357,
    "relativePath": "prefab\\sprite.prefab"
  },
  "7de03a80-4457-438d-95a7-3e7cdffd6086": {
    "asset": 1588594443246,
    "meta": 1597498811456,
    "relativePath": "prefab\\tiledmap.prefab"
  },
  "0e42ba95-1fa1-46aa-b2cf-143cd1bcee2c": {
    "asset": 1588594443278,
    "meta": 1597498811437,
    "relativePath": "prefab\\tiledtile.prefab"
  },
  "0d784963-d024-4ea6-a7db-03be0ad63010": {
    "asset": 1588594443324,
    "meta": 1597498811488,
    "relativePath": "prefab\\toggle.prefab"
  },
  "bf0a434c-84dd-4a8e-a08a-7a36f180cc75": {
    "asset": 1588594443356,
    "meta": 1597498811514,
    "relativePath": "prefab\\toggleContainer.prefab"
  },
  "d1b8be49-b0a0-435c-83b7-552bed4bbe35": {
    "asset": 1588594443387,
    "meta": 1597498811554,
    "relativePath": "prefab\\toggleGroup.prefab"
  },
  "232d2782-c4bd-4bb4-9e01-909f03d6d3b9": {
    "asset": 1588594443418,
    "meta": 1597498811597,
    "relativePath": "prefab\\videoplayer.prefab"
  },
  "8c5001fd-07ee-4a4b-a8a0-63e15195e94d": {
    "asset": 1588594443606,
    "meta": 1597498812780,
    "relativePath": "prefab\\webview.prefab"
  },
  "144c3297-af63-49e8-b8ef-1cfa29b3be28": {
    "asset": 1586331867108,
    "meta": 1597498811727,
    "relativePath": "resources\\effects\\builtin-2d-gray-sprite.effect"
  },
  "0e93aeaa-0b53-4e40-b8e0-6268b4e07bd7": {
    "asset": 1586331867109,
    "meta": 1597498811813,
    "relativePath": "resources\\effects\\builtin-2d-spine.effect"
  },
  "2874f8dd-416c-4440-81b7-555975426e93": {
    "asset": 1586331867110,
    "meta": 1597498811908,
    "relativePath": "resources\\effects\\builtin-2d-sprite.effect"
  },
  "829a282c-b049-4019-bd38-5ace8d8a6417": {
    "asset": 1586331867110,
    "meta": 1597498812429,
    "relativePath": "resources\\effects\\builtin-3d-particle.effect"
  },
  "2a7c0036-e0b3-4fe1-8998-89a54b8a2bec": {
    "asset": 1586331867111,
    "meta": 1597498812559,
    "relativePath": "resources\\effects\\builtin-3d-trail.effect"
  },
  "c0040c95-c57f-49cd-9cbc-12316b73d0d4": {
    "asset": 1586331867112,
    "meta": 1597498812624,
    "relativePath": "resources\\effects\\builtin-clear-stencil.effect"
  },
  "6d91e591-4ce0-465c-809f-610ec95019c6": {
    "asset": 1586331867113,
    "meta": 1597498812745,
    "relativePath": "resources\\effects\\builtin-unlit.effect"
  },
  "6f801092-0c37-4f30-89ef-c8d960825b36": {
    "asset": 1586331867119,
    "meta": 1597498813295,
    "relativePath": "resources\\materials\\builtin-2d-base.mtl"
  },
  "3a7bb79f-32fd-422e-ada2-96f518fed422": {
    "asset": 1586331867119,
    "meta": 1597498813299,
    "relativePath": "resources\\materials\\builtin-2d-gray-sprite.mtl"
  },
  "7afd064b-113f-480e-b793-8817d19f63c3": {
    "asset": 1586331867120,
    "meta": 1597498813313,
    "relativePath": "resources\\materials\\builtin-2d-spine.mtl"
  },
  "eca5d2f2-8ef6-41c2-bbe6-f9c79d09c432": {
    "asset": 1586331867121,
    "meta": 1597498813305,
    "relativePath": "resources\\materials\\builtin-2d-sprite.mtl"
  },
  "432fa09c-cf03-4cff-a186-982604408a07": {
    "asset": 1586331867121,
    "meta": 1597498813322,
    "relativePath": "resources\\materials\\builtin-3d-particle.mtl"
  },
  "466d4f9b-e5f4-4ea8-85d5-3c6e9a65658a": {
    "asset": 1586331867122,
    "meta": 1597498813319,
    "relativePath": "resources\\materials\\builtin-3d-trail.mtl"
  },
  "cf7e0bb8-a81c-44a9-ad79-d28d43991032": {
    "asset": 1586331867123,
    "meta": 1597498813337,
    "relativePath": "resources\\materials\\builtin-clear-stencil.mtl"
  },
  "2a296057-247c-4a1c-bbeb-0548b6c98650": {
    "asset": 1586331867123,
    "meta": 1597498813341,
    "relativePath": "resources\\materials\\builtin-unlit.mtl"
  },
  "954fec8b-cd16-4bb9-a3b7-7719660e7558": {
    "asset": 1586331867046,
    "meta": 1597498820504,
    "relativePath": "model\\primitives.fbx"
  },
  "c4a6a6d1-c3cd-4335-91bf-f3f10bebb95b": {
    "asset": 1597457453719,
    "meta": 1597457750044,
    "relativePath": "scipts\\登录界面\\button_game.js"
  },
  "260243e7-c0b2-4ee2-a285-32a8e25b1338": {
    "asset": 1597480065745,
    "meta": 1597480070661,
    "relativePath": "scipts\\登录界面\\button_login.js"
  },
  "31991600-f9a7-4587-b8b6-d6335ea45729": {
    "asset": 1597480128745,
    "meta": 1597480136728,
    "relativePath": "picture_resource\\单色-4.jpg"
  },
  "f76d0997-a8fe-468a-99cc-fae63d2b8111": {
    "asset": 1597479753670,
    "meta": 1597480136757,
    "relativePath": "picture_resource\\单色-1.jpg"
  },
  "b5bcd9f8-7530-45d6-8540-d091a71c5366": {
    "asset": 1597480132474,
    "meta": 1597480136789,
    "relativePath": "picture_resource\\单色3.jpg"
  },
  "a7d7c0cc-ec67-4efa-ab4c-8bc102a8c3e7": {
    "asset": 1597483754852,
    "meta": 1597483875928,
    "relativePath": "picture_resource\\player_v2.jpg"
  },
  "430eccbf-bf2c-4e6e-8c0c-884bbb487f32": {
    "asset": 1586331866994,
    "meta": 1597495511366,
    "relativePath": "effects\\__builtin-editor-gizmo-line.effect"
  },
  "6c5cf6e1-b044-4eac-9431-835644d57381": {
    "asset": 1586331866995,
    "meta": 1597495511384,
    "relativePath": "effects\\__builtin-editor-gizmo-unlit.effect"
  },
  "115286d1-2e10-49ee-aab4-341583f607e8": {
    "asset": 1586331866995,
    "meta": 1597495511444,
    "relativePath": "effects\\__builtin-editor-gizmo.effect"
  },
  "abc2cb62-7852-4525-a90d-d474487b88f2": {
    "asset": 1586331866996,
    "meta": 1597495511597,
    "relativePath": "effects\\builtin-phong.effect"
  },
  "e2f00085-c597-422d-9759-52c360279106": {
    "asset": 1586331866997,
    "meta": 1597495511728,
    "relativePath": "effects\\builtin-toon.effect"
  },
  "71561142-4c83-4933-afca-cb7a17f67053": {
    "asset": 1586331867011,
    "meta": 1597495511829,
    "relativePath": "image\\default_btn_disabled.png"
  },
  "e851e89b-faa2-4484-bea6-5c01dd9f06e2": {
    "asset": 1586331867012,
    "meta": 1597495511835,
    "relativePath": "image\\default_btn_normal.png"
  },
  "b43ff3c2-02bb-4874-81f7-f2dea6970f18": {
    "asset": 1586331867013,
    "meta": 1597495511855,
    "relativePath": "image\\default_btn_pressed.png"
  },
  "edd215b9-2796-4a05-aaf5-81f96c9281ce": {
    "asset": 1586331867013,
    "meta": 1597495511863,
    "relativePath": "image\\default_editbox_bg.png"
  },
  "d81ec8ad-247c-4e62-aa3c-d35c4193c7af": {
    "asset": 1586331867014,
    "meta": 1597495511883,
    "relativePath": "image\\default_panel.png"
  },
  "99170b0b-d210-46f1-b213-7d9e3f23098a": {
    "asset": 1586331867015,
    "meta": 1597495511894,
    "relativePath": "image\\default_progressbar_bg.png"
  },
  "cfef78f1-c8df-49b7-8ed0-4c953ace2621": {
    "asset": 1586331867015,
    "meta": 1597495511915,
    "relativePath": "image\\default_progressbar.png"
  },
  "567dcd80-8bf4-4535-8a5a-313f1caf078a": {
    "asset": 1586331867016,
    "meta": 1597495511925,
    "relativePath": "image\\default_radio_button_off.png"
  },
  "9d60001f-b5f4-4726-a629-2659e3ded0b8": {
    "asset": 1586331867017,
    "meta": 1597495511945,
    "relativePath": "image\\default_radio_button_on.png"
  },
  "4bab67cb-18e6-4099-b840-355f0473f890": {
    "asset": 1586331867018,
    "meta": 1597495511956,
    "relativePath": "image\\default_scrollbar_bg.png"
  },
  "617323dd-11f4-4dd3-8eec-0caf6b3b45b9": {
    "asset": 1586331867018,
    "meta": 1597495511971,
    "relativePath": "image\\default_scrollbar_vertical_bg.png"
  },
  "d6d3ca85-4681-47c1-b5dd-d036a9d39ea2": {
    "asset": 1586331867019,
    "meta": 1597495511976,
    "relativePath": "image\\default_scrollbar_vertical.png"
  },
  "0291c134-b3da-4098-b7b5-e397edbe947f": {
    "asset": 1586331867020,
    "meta": 1597495511993,
    "relativePath": "image\\default_scrollbar.png"
  },
  "0275e94c-56a7-410f-bd1a-fc7483f7d14a": {
    "asset": 1586331867020,
    "meta": 1597495511998,
    "relativePath": "image\\default_sprite_splash.png"
  },
  "6e056173-d285-473c-b206-40a7fff5386e": {
    "asset": 1586331867021,
    "meta": 1597495512023,
    "relativePath": "image\\default_sprite.png"
  },
  "73a0903d-d80e-4e3c-aa67-f999543c08f5": {
    "asset": 1586331867022,
    "meta": 1597495512035,
    "relativePath": "image\\default_toggle_checkmark.png"
  },
  "c25b9d50-c8fc-4d27-beeb-6e7c1f2e5c0f": {
    "asset": 1586331867022,
    "meta": 1597495512065,
    "relativePath": "image\\default_toggle_disabled.png"
  },
  "d29077ba-1627-4a72-9579-7b56a235340c": {
    "asset": 1586331867023,
    "meta": 1597495512074,
    "relativePath": "image\\default_toggle_normal.png"
  },
  "e403681d-4e94-4f31-9b65-de6df0406f4d": {
    "asset": 1597496610055,
    "meta": 1597496611903,
    "relativePath": "scipts\\game\\map.js"
  },
  "193f53d1-f288-4d7e-9bdb-063c1e3b0a65": {
    "asset": 1597497162959,
    "meta": 1597497235161,
    "relativePath": "picture_resource\\test_map2.tmx"
  },
  "b181c1e4-0a72-4a91-bfb0-ae6f36ca60bd": {
    "asset": 1586331867024,
    "meta": 1597498809895,
    "relativePath": "image\\default_toggle_pressed.png"
  },
  "c4480a0a-6ac5-443f-8b40-361a14257fc8": {
    "asset": 1586331867026,
    "meta": 1597498813043,
    "relativePath": "materials\\builtin-phong.mtl"
  },
  "2be36297-9abb-4fee-8049-9ed5e271da8a": {
    "asset": 1586331867028,
    "meta": 1597498809974,
    "relativePath": "misc\\default_video.mp4"
  },
  "600301aa-3357-4a10-b086-84f011fa32ba": {
    "asset": 1586331867024,
    "meta": 1597498809932,
    "relativePath": "image\\default-particle.png"
  },
  "fe1417b6-fe6b-46a4-ae7c-9fd331f33a2a": {
    "asset": 1588594441997,
    "meta": 1597498809999,
    "relativePath": "model\\prefab\\capsule.prefab"
  },
  "a87cc147-01b2-43f8-8e42-a7ca90b0c757": {
    "asset": 1588594441981,
    "meta": 1597498809963,
    "relativePath": "model\\prefab\\box.prefab"
  },
  "b5fc2cf2-7942-483d-be1f-bbeadc4714ad": {
    "asset": 1588594442028,
    "meta": 1597498810007,
    "relativePath": "model\\prefab\\cone.prefab"
  },
  "1c5e4038-953a-44c2-b620-0bbfc6170477": {
    "asset": 1588594442043,
    "meta": 1597498810027,
    "relativePath": "model\\prefab\\cylinder.prefab"
  },
  "3f376125-a699-40ca-ad05-04d662eaa1f2": {
    "asset": 1588594442075,
    "meta": 1597498810035,
    "relativePath": "model\\prefab\\plane.prefab"
  },
  "6c9ef10d-b479-420b-bfe6-39cdda6a8ae0": {
    "asset": 1588594442090,
    "meta": 1597498810061,
    "relativePath": "model\\prefab\\quad.prefab"
  },
  "2d9a4b85-b0ab-4c46-84c5-18f393ab2058": {
    "asset": 1588594442106,
    "meta": 1597498810042,
    "relativePath": "model\\prefab\\sphere.prefab"
  },
  "de510076-056b-484f-b94c-83bef217d0e1": {
    "asset": 1588594442200,
    "meta": 1597498810138,
    "relativePath": "model\\prefab\\torus.prefab"
  },
  "8a96b965-2dc0-4e03-aa90-3b79cb93b5b4": {
    "asset": 1586331867049,
    "meta": 1597498810242,
    "relativePath": "obsolete\\atom.png"
  },
  "d0a82d39-bede-46c4-b698-c81ff0dedfff": {
    "asset": 1586331867052,
    "meta": 1597498810275,
    "relativePath": "particle\\atom.png"
  },
  "897ef7a1-4860-4f64-968d-f5924b18668a": {
    "asset": 1588594442387,
    "meta": 1597498810284,
    "relativePath": "prefab\\2d-camera.prefab"
  },
  "70d7cdb0-04cd-41bb-9480-c06a4785f386": {
    "asset": 1588594442434,
    "meta": 1597498810299,
    "relativePath": "prefab\\3d-camera.prefab"
  },
  "ed88f13d-fcad-4848-aa35-65a2cb973584": {
    "asset": 1588594442559,
    "meta": 1597498810361,
    "relativePath": "prefab\\3d-stage.prefab"
  },
  "70bbeb73-6dc2-4ee4-8faf-76b3a0e34ec4": {
    "asset": 1588594442481,
    "meta": 1597498810324,
    "relativePath": "prefab\\3d-particle.prefab"
  },
  "972b9a4d-47ee-4c74-b5c3-61d8a69bc29f": {
    "asset": 1588594442621,
    "meta": 1597498810377,
    "relativePath": "prefab\\button.prefab"
  }
}