{
  "version": "1.1.1",
  "windows": {
    "main": {
      "main": true,
      "url": "app://editor/index.html",
      "windowType": "dockable",
      "x": 1,
      "y": 0,
      "width": 1363,
      "height": 728,
      "layout": {
        "children": [
          {
            "children": [
              {
                "active": 0,
                "children": [
                  "hierarchy"
                ],
                "height": 304.984375,
                "type": "panel",
                "width": 217.515625
              },
              {
                "active": 0,
                "children": [
                  "assets"
                ],
                "height": 302,
                "type": "panel",
                "width": 217.515625
              }
            ],
            "height": 610,
            "type": "dock-v",
            "width": 217.515625
          },
          {
            "children": [
              {
                "children": [
                  {
                    "active": 0,
                    "children": [
                      "scene"
                    ],
                    "height": 304,
                    "type": "panel",
                    "width": 514.84375
                  },
                  {
                    "active": 0,
                    "children": [
                      "node-library"
                    ],
                    "height": 304,
                    "type": "panel",
                    "width": 281.359375
                  }
                ],
                "height": 304,
                "type": "dock-h",
                "width": 799.21875
              },
              {
                "active": 0,
                "children": [
                  "console",
                  "timeline",
                  "game-window"
                ],
                "height": 303,
                "type": "panel",
                "width": 799.21875
              }
            ],
            "height": 610,
            "type": "dock-v",
            "width": 799.21875
          },
          {
            "active": 0,
            "children": [
              "inspector",
              "cocos-services"
            ],
            "height": 610,
            "type": "panel",
            "width": 324.28125
          }
        ],
        "type": "dock-h"
      },
      "panels": [
        "hierarchy",
        "assets",
        "scene",
        "node-library",
        "console",
        "timeline",
        "game-window",
        "inspector",
        "cocos-services"
      ]
    },
    "worker": {}
  },
  "panels": {
    "preferences": {
      "x": 395,
      "y": 94,
      "width": 600,
      "height": 565
    }
  },
  "panelLabelWidth": {
    "inspector": null,
    "preferences": null
  },
  "panelLabelWidth.inspector": null,
  "panelLabelWidth.preferences": null
}
